IP Address,Port,Code,Country,Anonymity,Google,Https,Last Checked
104.236.55.48,8080,US,United States,elite proxy,no,no,3 seconds ago
3.81.80.170,3128,US,United States,elite proxy,no,yes,1 minute ago
107.178.4.215,35330,US,United States,elite proxy,no,no,1 minute ago
35.223.152.223,8080,US,United States,anonymous,no,no,1 minute ago
71.59.165.251,80,US,United States,elite proxy,no,no,3 minutes ago
104.236.54.196,8080,US,United States,transparent,no,no,6 minutes ago
173.82.176.190,5836,US,United States,transparent,no,no,6 minutes ago
96.9.244.14,3128,US,United States,elite proxy,no,no,21 minutes ago
12.218.209.130,53281,US,United States,elite proxy,no,no,22 minutes ago
174.138.42.112,8080,US,United States,anonymous,no,no,22 minutes ago
45.33.38.108,80,US,United States,transparent,no,no,26 minutes ago
3.220.165.51,80,US,United States,transparent,no,no,28 minutes ago
162.248.247.153,32592,US,United States,elite proxy,no,no,31 minutes ago
34.214.16.51,8080,US,United States,transparent,no,no,34 minutes ago
173.82.177.227,5836,US,United States,transparent,no,no,36 minutes ago
66.36.239.231,5836,US,United States,transparent,no,no,41 minutes ago
198.204.253.114,3128,US,United States,anonymous,no,yes,41 minutes ago
75.80.242.9,41007,US,United States,elite proxy,no,yes,42 minutes ago
157.245.15.86,8080,US,United States,anonymous,no,no,1 hour 1 minute ago
24.172.225.122,53281,US,United States,elite proxy,no,no,1 hour 1 minute ago
216.228.69.202,54085,US,United States,elite proxy,no,yes,1 hour 1 minute ago
190.103.178.14,8080,US,United States,anonymous,no,no,1 hour 1 minute ago
162.223.88.228,8080,US,United States,elite proxy,no,no,1 hour 1 minute ago
34.216.89.174,53281,US,United States,elite proxy,no,yes,1 hour 11 minutes ago
148.77.34.196,48521,US,United States,elite proxy,no,yes,1 hour 11 minutes ago
173.82.115.174,5836,US,United States,elite proxy,no,yes,1 hour 11 minutes ago
24.106.221.230,53281,US,United States,elite proxy,no,no,1 hour 11 minutes ago
209.212.33.99,8080,US,United States,transparent,no,no,1 hour 11 minutes ago
70.165.64.33,48678,US,United States,transparent,no,no,1 hour 11 minutes ago
50.192.195.69,52018,US,United States,elite proxy,no,yes,1 hour 21 minutes ago
35.167.52.229,80,US,United States,elite proxy,no,no,1 hour 22 minutes ago
198.50.152.64,23500,US,United States,elite proxy,no,yes,1 hour 22 minutes ago
172.254.124.231,3128,US,United States,elite proxy,no,yes,1 hour 23 minutes ago
47.56.5.74,80,US,United States,anonymous,no,no,1 hour 30 minutes ago
72.250.28.64,36851,US,United States,elite proxy,no,no,1 hour 32 minutes ago
70.165.65.233,48678,US,United States,transparent,no,no,1 hour 33 minutes ago
190.103.178.13,8080,US,United States,anonymous,no,no,1 hour 40 minutes ago
73.64.132.41,8118,US,United States,elite proxy,no,no,1 hour 41 minutes ago
50.236.148.246,39970,US,United States,elite proxy,no,no,1 hour 42 minutes ago
159.203.82.173,3128,US,United States,anonymous,no,yes,1 hour 42 minutes ago
149.28.243.10,80,US,United States,elite proxy,no,yes,1 hour 51 minutes ago
45.63.108.68,33938,US,United States,elite proxy,no,yes,1 hour 51 minutes ago
199.188.89.232,8000,US,United States,transparent,no,no,1 hour 52 minutes ago
173.82.55.155,5836,US,United States,transparent,no,no,1 hour 53 minutes ago
72.252.4.137,8080,US,United States,transparent,no,no,1 hour 53 minutes ago
67.60.137.219,35979,US,United States,elite proxy,no,no,2 hours ago
205.158.57.2,53281,US,United States,elite proxy,no,yes,2 hours 1 minute ago
34.106.52.165,3128,US,United States,transparent,no,no,2 hours 7 minutes ago
208.98.186.80,53630,US,United States,elite proxy,no,yes,2 hours 10 minutes ago
34.82.18.10,80,US,United States,transparent,no,no,2 hours 12 minutes ago
40.121.195.213,8080,US,United States,elite proxy,no,yes,2 hours 21 minutes ago
198.199.120.102,3128,US,United States,anonymous,no,no,2 hours 21 minutes ago
138.68.60.8,3128,US,United States,anonymous,no,no,2 hours 21 minutes ago
209.97.150.167,8080,US,United States,anonymous,no,no,2 hours 21 minutes ago
138.68.240.218,8080,US,United States,anonymous,no,no,2 hours 21 minutes ago
192.169.156.163,80,US,United States,elite proxy,no,no,2 hours 21 minutes ago
167.99.166.194,8081,US,United States,elite proxy,no,no,2 hours 22 minutes ago
192.225.214.132,80,US,United States,transparent,no,no,2 hours 27 minutes ago
34.233.23.38,80,US,United States,transparent,no,no,2 hours 30 minutes ago
192.34.62.163,3128,US,United States,elite proxy,no,yes,2 hours 30 minutes ago
165.227.71.60,80,US,United States,elite proxy,no,no,2 hours 30 minutes ago
3.17.41.198,3838,US,United States,elite proxy,no,no,2 hours 30 minutes ago
52.89.117.198,80,US,United States,transparent,no,no,2 hours 31 minutes ago
104.148.76.133,3128,US,United States,transparent,no,no,2 hours 31 minutes ago
74.214.177.61,8080,US,United States,transparent,no,no,2 hours 41 minutes ago
159.89.80.250,80,US,United States,transparent,no,no,2 hours 52 minutes ago
72.169.67.89,87,US,United States,transparent,no,no,2 hours 52 minutes ago
198.143.183.200,3128,US,United States,transparent,no,no,2 hours 55 minutes ago
67.209.121.85,80,US,United States,anonymous,no,no,3 hours ago
72.252.4.149,8080,US,United States,transparent,no,no,3 hours 1 minute ago
173.82.55.154,5836,US,United States,transparent,no,no,3 hours 1 minute ago
35.238.200.65,8080,US,United States,anonymous,no,no,3 hours 10 minutes ago
12.139.101.97,80,US,United States,anonymous,no,no,3 hours 10 minutes ago
165.227.83.198,8080,US,United States,anonymous,no,no,3 hours 10 minutes ago
12.139.101.100,80,US,United States,anonymous,no,no,3 hours 10 minutes ago
66.119.99.22,80,US,United States,anonymous,no,no,3 hours 10 minutes ago
102.129.249.120,8080,US,United States,anonymous,no,no,3 hours 10 minutes ago
52.161.188.146,80,US,United States,anonymous,no,no,3 hours 10 minutes ago
165.227.216.105,3128,US,United States,anonymous,no,no,3 hours 10 minutes ago
18.224.39.7,8080,US,United States,anonymous,no,no,3 hours 10 minutes ago
12.139.101.101,80,US,United States,anonymous,no,no,3 hours 10 minutes ago
192.41.71.221,3128,US,United States,anonymous,no,yes,3 hours 10 minutes ago
165.227.72.58,80,US,United States,transparent,no,no,3 hours 22 minutes ago
65.152.119.226,56455,US,United States,elite proxy,no,yes,3 hours 30 minutes ago
104.148.76.159,3128,US,United States,transparent,no,no,3 hours 31 minutes ago
107.190.148.202,50854,US,United States,elite proxy,no,yes,3 hours 32 minutes ago
160.2.38.41,8080,US,United States,elite proxy,no,no,3 hours 52 minutes ago
104.245.228.65,8080,US,United States,transparent,no,no,3 hours 57 minutes ago
194.5.152.48,3128,US,United States,elite proxy,no,yes,4 hours 1 minute ago
192.92.205.132,80,US,United States,anonymous,no,yes,4 hours 1 minute ago
74.92.2.70,80,US,United States,anonymous,no,no,4 hours 1 minute ago
103.83.38.159,5836,US,United States,transparent,no,no,4 hours 7 minutes ago
96.87.16.153,41344,US,United States,elite proxy,no,yes,4 hours 11 minutes ago
207.144.111.230,8080,US,United States,elite proxy,no,no,4 hours 11 minutes ago
104.236.48.178,8080,US,United States,elite proxy,no,yes,4 hours 11 minutes ago
104.199.126.1,80,US,United States,transparent,no,no,4 hours 12 minutes ago
66.36.239.200,5836,US,United States,transparent,no,no,4 hours 20 minutes ago
50.236.148.254,39970,US,United States,elite proxy,no,no,4 hours 20 minutes ago
166.148.65.54,8888,US,United States,elite proxy,no,no,4 hours 22 minutes ago
149.28.243.165,8118,US,United States,elite proxy,no,no,4 hours 22 minutes ago
66.82.65.41,87,US,United States,transparent,no,no,4 hours 25 minutes ago
70.169.149.231,48678,US,United States,transparent,no,no,4 hours 31 minutes ago
173.82.177.226,5836,US,United States,transparent,no,no,4 hours 32 minutes ago
96.9.244.142,3128,US,United States,elite proxy,no,yes,4 hours 40 minutes ago
162.217.77.15,8080,US,United States,transparent,no,no,4 hours 41 minutes ago
50.241.148.97,8080,US,United States,transparent,no,no,4 hours 50 minutes ago
162.243.108.129,3128,US,United States,anonymous,no,no,4 hours 50 minutes ago
198.199.86.11,8080,US,United States,anonymous,no,no,4 hours 50 minutes ago
52.161.188.148,80,US,United States,anonymous,no,no,4 hours 50 minutes ago
35.222.208.56,3128,US,United States,elite proxy,no,yes,4 hours 50 minutes ago
167.99.153.132,80,US,United States,elite proxy,no,no,5 hours ago
35.238.211.255,8080,US,United States,anonymous,no,no,5 hours ago
63.175.159.29,80,US,United States,elite proxy,no,yes,5 hours 12 minutes ago
207.148.22.139,8080,US,United States,transparent,no,no,5 hours 12 minutes ago
173.199.119.211,8080,US,United States,transparent,no,no,5 hours 12 minutes ago
162.252.144.229,8181,US,United States,transparent,no,no,5 hours 12 minutes ago
140.82.14.253,8080,US,United States,transparent,no,no,5 hours 12 minutes ago
207.148.25.145,8080,US,United States,transparent,no,no,5 hours 12 minutes ago
45.77.151.65,8080,US,United States,transparent,no,no,5 hours 12 minutes ago
140.82.7.106,8080,US,United States,transparent,no,no,5 hours 12 minutes ago
149.28.237.191,8080,US,United States,transparent,no,no,5 hours 12 minutes ago
35.224.96.168,8080,US,United States,anonymous,no,no,5 hours 21 minutes ago
65.111.255.98,80,US,United States,transparent,no,no,5 hours 21 minutes ago
159.65.43.38,8118,US,United States,transparent,no,no,5 hours 21 minutes ago
92.38.169.143,5836,US,United States,transparent,no,no,5 hours 22 minutes ago
174.67.106.117,80,US,United States,transparent,no,no,5 hours 22 minutes ago
3.84.27.209,8080,US,United States,anonymous,no,yes,5 hours 22 minutes ago
67.79.93.50,3128,US,United States,transparent,no,no,5 hours 23 minutes ago
85.208.211.23,8085,US,United States,transparent,no,no,5 hours 31 minutes ago
35.233.5.198,3128,US,United States,anonymous,no,yes,5 hours 31 minutes ago
96.87.184.101,43705,US,United States,elite proxy,no,no,5 hours 31 minutes ago
173.46.67.172,58517,US,United States,elite proxy,no,no,5 hours 31 minutes ago
65.183.160.56,80,US,United States,transparent,no,no,5 hours 31 minutes ago
18.233.119.46,80,US,United States,transparent,no,no,5 hours 34 minutes ago
192.200.200.76,3128,US,United States,transparent,no,no,5 hours 34 minutes ago
52.53.135.163,3128,US,United States,transparent,no,no,5 hours 34 minutes ago
192.200.200.102,3128,US,United States,transparent,no,no,5 hours 34 minutes ago
34.225.47.147,80,US,United States,transparent,no,no,5 hours 34 minutes ago
192.200.200.104,3128,US,United States,transparent,no,no,5 hours 34 minutes ago
52.170.3.71,80,US,United States,elite proxy,no,no,5 hours 40 minutes ago
178.128.153.38,80,US,United States,elite proxy,no,no,5 hours 41 minutes ago
72.252.4.49,8080,US,United States,transparent,no,no,5 hours 41 minutes ago
104.211.29.96,80,US,United States,elite proxy,no,no,5 hours 41 minutes ago
52.27.33.92,80,US,United States,elite proxy,no,no,5 hours 41 minutes ago
157.245.232.5,80,US,United States,transparent,no,no,5 hours 43 minutes ago
167.71.249.181,8888,US,United States,transparent,no,no,5 hours 51 minutes ago
50.210.111.187,8080,US,United States,transparent,no,no,5 hours 51 minutes ago
104.245.69.26,3128,US,United States,transparent,no,no,5 hours 51 minutes ago
72.169.67.109,87,US,United States,anonymous,no,no,5 hours 51 minutes ago
72.169.65.13,87,US,United States,anonymous,no,no,5 hours 51 minutes ago
199.167.184.124,80,US,United States,anonymous,no,no,6 hours 1 minute ago
64.17.30.238,63141,US,United States,elite proxy,no,yes,6 hours 2 minutes ago
50.201.51.216,8080,US,United States,transparent,no,no,6 hours 2 minutes ago
165.138.79.68,8080,US,United States,transparent,no,no,6 hours 2 minutes ago
173.217.255.36,33351,US,United States,elite proxy,no,no,6 hours 12 minutes ago
138.68.53.220,5836,US,United States,elite proxy,no,no,6 hours 12 minutes ago
69.9.238.22,8080,US,United States,transparent,no,no,6 hours 20 minutes ago
74.121.98.90,8080,US,United States,transparent,no,no,6 hours 20 minutes ago
205.185.115.100,8080,US,United States,transparent,no,no,6 hours 20 minutes ago
65.182.5.212,8080,US,United States,transparent,no,no,6 hours 20 minutes ago
107.178.6.30,8080,US,United States,transparent,no,no,6 hours 20 minutes ago
208.180.145.73,8080,US,United States,transparent,no,no,6 hours 20 minutes ago
216.169.73.65,40344,US,United States,elite proxy,no,yes,6 hours 20 minutes ago
70.165.64.210,48678,US,United States,transparent,no,no,6 hours 20 minutes ago
54.183.230.101,80,US,United States,transparent,no,no,6 hours 20 minutes ago
50.233.228.147,8080,US,United States,anonymous,no,yes,6 hours 30 minutes ago
47.21.87.110,3129,US,United States,transparent,no,no,6 hours 30 minutes ago
162.249.248.218,53281,US,United States,elite proxy,no,yes,6 hours 31 minutes ago
198.229.231.13,8080,US,United States,transparent,no,no,6 hours 36 minutes ago
209.124.88.204,80,US,United States,transparent,no,no,6 hours 42 minutes ago
192.163.215.33,443,US,United States,transparent,no,no,6 hours 42 minutes ago
173.208.198.218,3128,US,United States,transparent,no,no,6 hours 42 minutes ago
161.199.130.1,8080,US,United States,transparent,no,no,6 hours 42 minutes ago
72.249.51.52,80,US,United States,transparent,no,no,6 hours 42 minutes ago
71.183.100.116,80,US,United States,anonymous,no,no,6 hours 51 minutes ago
70.169.129.246,48678,US,United States,transparent,no,no,6 hours 51 minutes ago
104.243.38.132,80,US,United States,anonymous,no,no,6 hours 51 minutes ago
98.172.142.6,8080,US,United States,elite proxy,no,yes,6 hours 51 minutes ago
35.239.168.92,8080,US,United States,transparent,no,no,6 hours 51 minutes ago
142.93.4.1,3128,US,United States,anonymous,no,no,6 hours 51 minutes ago
34.73.222.183,8080,US,United States,transparent,no,no,6 hours 54 minutes ago
24.113.42.169,48678,US,United States,transparent,no,no,6 hours 57 minutes ago
107.175.247.221,8080,US,United States,transparent,no,no,6 hours 57 minutes ago
104.148.76.170,3128,US,United States,transparent,no,no,7 hours 1 minute ago
104.148.76.143,3128,US,United States,transparent,no,no,7 hours 1 minute ago
35.225.92.72,8080,US,United States,anonymous,no,no,7 hours 1 minute ago
192.241.223.145,80,US,United States,elite proxy,no,no,7 hours 1 minute ago
24.172.34.114,49116,US,United States,elite proxy,no,no,7 hours 1 minute ago
52.14.29.191,80,US,United States,transparent,no,no,7 hours 1 minute ago
198.211.109.14,80,US,United States,transparent,no,no,7 hours 1 minute ago
23.31.218.226,80,US,United States,anonymous,no,no,7 hours 1 minute ago
104.45.188.43,3128,US,United States,anonymous,no,yes,7 hours 1 minute ago
198.143.178.30,3128,US,United States,transparent,no,no,7 hours 2 minutes ago
52.52.63.90,80,US,United States,transparent,no,no,7 hours 2 minutes ago
199.48.69.75,80,US,United States,transparent,no,no,7 hours 2 minutes ago
72.169.65.57,87,US,United States,transparent,no,no,7 hours 2 minutes ago
173.82.177.210,5836,US,United States,transparent,no,no,7 hours 11 minutes ago
70.169.150.186,48678,US,United States,transparent,no,no,7 hours 11 minutes ago
167.99.62.83,8080,US,United States,transparent,no,no,7 hours 11 minutes ago
209.141.46.133,8080,US,United States,transparent,no,no,7 hours 11 minutes ago
